CREATE TABLE Usuarios (id INTEGER PRIMARY KEY, nombreUsuario TEXT, idDeporte INTEGER);
INSERT INTO Usuarios (id, nombreUsuario, idDeporte) VALUES(1425846235613,'Tizon', 1425846235620);
INSERT INTO Usuarios (id, nombreUsuario, idDeporte) VALUES(1425846235614,'vrgx', 1425846235621);
CREATE TABLE Eventos (id INTEGER PRIMARY KEY, fechaHora DATETIME, idZona INTEGER, idDeporte INTEGER, idOrganizador INTEGER, fechaCreacion DATETIME DEFAULT CURRENT_TIMESTAMP, celNotificacion INTEGER);
INSERT INTO Eventos(id, celNotificacion, fechaHora, idZona, idDeporte, idOrganizador, fechaCreacion) VALUES(1425846235615, 3057066801, '2015-03-10 11:30:00', 1425846235623, 1425846235620, 1425846235613,'2015-03-09 21:33:18');
INSERT INTO Eventos(id, celNotificacion, fechaHora, idZona, idDeporte, idOrganizador, fechaCreacion) VALUES(1425846235616, 3115055046, '2015-03-09 16:30:00', 1425846235625, 1425846235621, 1425846235614,'2015-03-08 19:12:14');
CREATE TABLE InscritosEvento (id INTEGER PRIMARY KEY, idEvento INTEGER, idInscrito INTEGER, fechaInscripcion DATETIME DEFAULT CURRENT_TIMESTAMP);
INSERT INTO InscritosEvento(id, idEvento, idInscrito, fechaInscripcion) VALUES(1425846235617,1425846235615,1425846235613,'2015-03-09 21:33:22');
INSERT INTO InscritosEvento(id, idEvento, idInscrito, fechaInscripcion) VALUES(1425846235618,1425846235615,1425846235614,'2015-03-10 11:00:00');
INSERT INTO InscritosEvento(id, idEvento, idInscrito, fechaInscripcion) VALUES(1425846235619,1425846235616,1425846235614,'2015-03-08 19:12:24');
CREATE TABLE Deportes (id INTEGER PRIMARY KEY, nombre TEXT, nombreArchivoImagen TEXT, descripcion TEXT);
INSERT INTO Deportes (id, nombre, nombreArchivoImagen, descripcion) VALUES(1425846235620,'Basket', 'basket', 'descripción para BASKET guardada en la BD');
INSERT INTO Deportes (id, nombre, nombreArchivoImagen, descripcion) VALUES(1425846235621,'Futbol', 'futbol', 'descripción para FUTBOL guardada en la BD');
INSERT INTO Deportes (id, nombre, nombreArchivoImagen, descripcion) VALUES(1425846235622,'Voleibol', 'voleibol', 'descripción para VOLEIBOL guardada en la BD');
CREATE TABLE Zonas (id INTEGER PRIMARY KEY, nombre TEXT, latlongzoom TEXT, radio INT);
INSERT INTO Zonas (id, nombre, latlongzoom, radio) VALUES(1425846235623,'Hayuelos Lantana', '4.660594:-74.133360:17', 30);
INSERT INTO Zonas (id, nombre, latlongzoom, radio) VALUES(1425846235624,'Uniandes La Caneca', '4.6003125:-74.0635405:19', 30);
INSERT INTO Zonas (id, nombre, latlongzoom, radio) VALUES(1425846235625,'Uniandes Cancha CEDE', '4.600913:-74.0645779:17', 30);